Model,Mean CV AP,Std CV AP
CatBoost,0.22681149160130412,0.0032726408898325855
CatBoost + Class Weight,0.2185792158689491,0.003465286229233333
XGBoost,0.21524958276335038,0.00632455580204341
LightGBM,0.21364185034494199,0.006286703665549411
LightGBM + Class Weight,0.2113362484131324,0.005278276280054959
Logistic Regression,0.21089577996243516,0.004954051818498463
Logistic Regression + Class Weight,0.2094271607029874,0.004848314800009499
XGBoost + Class Weight,0.20823146952246438,0.005427496139084704
Random Forest,0.20662891712911283,0.003968939089757508
Random Forest + Class Weight,0.20647745668902928,0.0037571512726073124
Logistic Regression + SMOTE,0.2007666450594053,0.003050416623922698
Decision Tree,0.12336050107539161,0.003094617958956602
Decision Tree + Class Weight,0.12000484841519064,0.002294240306399475
